modalidade,count,mean,median,min,max
FER,27,0.12242297530864198,0.10519833333333331,0.0,0.29662
HER,8,0.25106075,0.193629,0.07784699999999999,0.4984
MULTIMODAL,13,0.46012707692307686,0.4508,0.048552,0.85
SER,5,0.2296196,0.1281,0.065009,0.6012000000000001
