n_artigos,k_avaliacoes,MSR,MSC,MSE,ICC_3_1
6,2,889.7432002314814,115.88903356481484,23.614728009259295,0.9482903092443844
