estrato,nucleares,robustez,uniforme,rank_uniforme,rank_nucleares,rank_robustez,delta_uniforme_nucleares,delta_uniforme_robustez,delta_rank_uniforme_nucleares,delta_rank_uniforme_robustez
SER,57.958333333333336,60.71428571428572,56.25,1.0,1.0,1.0,1.7083333333333357,4.464285714285722,0.0,0.0
MULTI,44.0,40.47619047619048,43.75,2.0,2.0,2.0,0.25,-3.2738095238095184,0.0,0.0
FER,20.833333333333336,15.0,20.0,3.0,3.0,3.0,0.8333333333333357,-5.0,0.0,0.0
